id,title,description,availability,condition,price,link,image_link,brand,item_group_id,custom_label_0
SAL_CAESAR_REG,Sassy Caesar (Regular),"Mézclum, kale + repollo, tomates cherry, parmesan crumble, za'atar crumbs, farmhouse caesar dressing.",in stock,new,11.95 USD,https://farmhousepanelwhatsapp-production.up.railway.app/?sku=SAL_CAESAR_REG,/frontend/static/images/menu/carta/sassy-caesar.webp,Farmhouse,GRP_SASSY_CAESAR,Salads
SAL_CAESAR_LRG,Sassy Caesar (Large),"Mézclum, kale + repollo, tomates cherry, parmesan crumble, za'atar crumbs, farmhouse caesar dressing.",in stock,new,13.95 USD,https://farmhousepanelwhatsapp-production.up.railway.app/?sku=SAL_CAESAR_LRG,/frontend/static/images/menu/carta/sassy-caesar.webp,Farmhouse,GRP_SASSY_CAESAR,Salads
SAL_LUPITA_REG,La Lupita (Regular),"Mézclum, roasted corn, avo smash, frijolitos negros, cebolla encurtida, cilantro, totopos, chipotle lime dressing.",in stock,new,12.95 USD,https://farmhousepanelwhatsapp-production.up.railway.app/?sku=SAL_LUPITA_REG,/frontend/static/images/menu/carta/la-lupita.webp,Farmhouse,GRP_LA_LUPITA,Salads
SAL_LUPITA_LRG,La Lupita (Large),"Mézclum, roasted corn, avo smash, frijolitos negros, cebolla encurtida, cilantro, totopos, chipotle lime dressing.",in stock,new,14.95 USD,https://farmhousepanelwhatsapp-production.up.railway.app/?sku=SAL_LUPITA_LRG,/frontend/static/images/menu/carta/la-lupita.webp,Farmhouse,GRP_LA_LUPITA,Salads
SAL_GRECA_REG,La Greca (Regular),"Mézclum, kale + repollo, tomates cherry, pepino, aceitunas kalamata, pimentón rostizado, feta, garbanzos crispy, green tahini dressing.",in stock,new,11.95 USD,https://farmhousepanelwhatsapp-production.up.railway.app/?sku=SAL_GRECA_REG,/frontend/static/images/menu/carta/la-greca.webp,Farmhouse,GRP_LA_GRECA,Salads
SAL_GRECA_LRG,La Greca (Large),"Mézclum, kale + repollo, tomates cherry, pepino, aceitunas kalamata, pimentón rostizado, feta, garbanzos crispy, green tahini dressing.",in stock,new,13.95 USD,https://farmhousepanelwhatsapp-production.up.railway.app/?sku=SAL_GRECA_LRG,/frontend/static/images/menu/carta/la-greca.webp,Farmhouse,GRP_LA_GRECA,Salads
WRP_CESAR,El César,"Mézclum, kale + repollo, tomates cherry, parmesan crumble, za'atar crumbs y farmhouse caesar dressing, todo envuelto en tortilla de harina de trigo.",in stock,new,12.95 USD,https://farmhousepanelwhatsapp-production.up.railway.app/?sku=WRP_CESAR,/frontend/static/images/menu/carta/el-cesar.webp,Farmhouse,,Wraps
WRP_LUPITO,El Lupito,"Mézclum, roasted corn, cebolla encurtida, cilantro, avo smash, frijolitos negros, totopos y chipotle lime dressing, todo envuelto en tortilla de harina de trigo.",in stock,new,12.95 USD,https://farmhousepanelwhatsapp-production.up.railway.app/?sku=WRP_LUPITO,/frontend/static/images/menu/carta/el-lupito.webp,Farmhouse,,Wraps
BWL_COSECHA_REG,La Cosecha (Regular),"Cilantro pesto rice, kale + repollo, zapallo rostizado, queso de cabra, cranberries, almendras tostadas, balsamic vinaigrette.",in stock,new,12.95 USD,https://farmhousepanelwhatsapp-production.up.railway.app/?sku=BWL_COSECHA_REG,/frontend/static/images/menu/carta/la-cosecha.webp,Farmhouse,GRP_LA_COSECHA,Bowls
BWL_COSECHA_LRG,La Cosecha (Large),"Cilantro pesto rice, kale + repollo, zapallo rostizado, queso de cabra, cranberries, almendras tostadas, balsamic vinaigrette.",in stock,new,14.95 USD,https://farmhousepanelwhatsapp-production.up.railway.app/?sku=BWL_COSECHA_LRG,/frontend/static/images/menu/carta/la-cosecha.webp,Farmhouse,GRP_LA_COSECHA,Bowls
BWL_CRISPYSAI_REG,Crispy Sai (Regular),"Cilantro pesto rice, kale + repollo, zanahorias ralladas, pepino, brócoli rostizado, cilantro, almendras tostadas, arroz crispy, rodaja de limón, thai peanut dressing.",in stock,new,12.95 USD,https://farmhousepanelwhatsapp-production.up.railway.app/?sku=BWL_CRISPYSAI_REG,/frontend/static/images/menu/carta/crispy-sai.webp,Farmhouse,GRP_CRISPY_SAI,Bowls
BWL_CRISPYSAI_LRG,Crispy Sai (Large),"Cilantro pesto rice, kale + repollo, zanahorias ralladas, pepino, brócoli rostizado, cilantro, almendras tostadas, arroz crispy, rodaja de limón, thai peanut dressing.",in stock,new,14.95 USD,https://farmhousepanelwhatsapp-production.up.railway.app/?sku=BWL_CRISPYSAI_LRG,/frontend/static/images/menu/carta/crispy-sai.webp,Farmhouse,GRP_CRISPY_SAI,Bowls
BWL_LEVANTINA_REG,La Levantina (Regular),"Mézclum, quinoa, tomates cherry + pepino, zanahorias encurtidas, hummus, za'atar crumbs, chili-gurt dressing.",in stock,new,13.50 USD,https://farmhousepanelwhatsapp-production.up.railway.app/?sku=BWL_LEVANTINA_REG,/frontend/static/images/menu/carta/la-levantina.webp,Farmhouse,GRP_LA_LEVANTINA,Bowls
BWL_LEVANTINA_LRG,La Levantina (Large),"Mézclum, quinoa, tomates cherry + pepino, zanahorias encurtidas, hummus, za'atar crumbs, chili-gurt dressing.",in stock,new,15.50 USD,https://farmhousepanelwhatsapp-production.up.railway.app/?sku=BWL_LEVANTINA_LRG,/frontend/static/images/menu/carta/la-levantina.webp,Farmhouse,GRP_LA_LEVANTINA,Bowls
BWL_OTONA_REG,La Otoña (Regular),"Quinoa, kale + repollo, zapallo rostizado, zucchini rostizado, pecans caramelizados, feta, carrot bliss vinaigrette.",in stock,new,13.50 USD,https://farmhousepanelwhatsapp-production.up.railway.app/?sku=BWL_OTONA_REG,/frontend/static/images/menu/carta/la-otona.webp,Farmhouse,GRP_LA_OTONA,Bowls
BWL_OTONA_LRG,La Otoña (Large),"Quinoa, kale + repollo, zapallo rostizado, zucchini rostizado, pecans caramelizados, feta, carrot bliss vinaigrette.",in stock,new,15.50 USD,https://farmhousepanelwhatsapp-production.up.railway.app/?sku=BWL_OTONA_LRG,/frontend/static/images/menu/carta/la-otona.webp,Farmhouse,GRP_LA_OTONA,Bowls
BWL_BUFF_REG,La Buff (Regular),"Cilantro pesto rice, kale + repollo, tomates cherry, cranberries, queso de cabra, garbanzos crispy, chipotle lime dressing.",in stock,new,13.50 USD,https://farmhousepanelwhatsapp-production.up.railway.app/?sku=BWL_BUFF_REG,/frontend/static/images/menu/carta/la-buff.webp,Farmhouse,GRP_LA_BUFF,Bowls
BWL_BUFF_LRG,La Buff (Large),"Cilantro pesto rice, kale + repollo, tomates cherry, cranberries, queso de cabra, garbanzos crispy, chipotle lime dressing.",in stock,new,15.50 USD,https://farmhousepanelwhatsapp-production.up.railway.app/?sku=BWL_BUFF_LRG,/frontend/static/images/menu/carta/la-buff.webp,Farmhouse,GRP_LA_BUFF,Bowls
BWL_TIPICA,La Típica,Bowl especial Farmhouse con sabores tradicionales y combinaciones frescas de la casa.,out of stock,new,17.95 USD,https://farmhousepanelwhatsapp-production.up.railway.app/?sku=BWL_TIPICA,/frontend/static/images/menu/bowl-la-tipica.webp,Farmhouse,,Bowls
BYO_REG,Arma tu bowl (Regular),"Tu bowl o ensalada a tu manera: elige base, toppings, dressing y crunch. Súmale premiums si quieres.",in stock,new,13.95 USD,https://farmhousepanelwhatsapp-production.up.railway.app/?sku=BYO_REG,https://farmhousepanelwhatsapp-production.up.railway.app/static/catalog/BYO_REG.jpg,Farmhouse,GRP_BUILD_YOUR_OWN,Build Your Own
BYO_LRG,Arma tu bowl (Large),"Tu bowl o ensalada a tu manera: elige base, toppings, dressing y crunch. Súmale premiums si quieres. Porción más generosa.",in stock,new,15.95 USD,https://farmhousepanelwhatsapp-production.up.railway.app/?sku=BYO_LRG,https://farmhousepanelwhatsapp-production.up.railway.app/static/catalog/BYO_LRG.jpg,Farmhouse,GRP_BUILD_YOUR_OWN,Build Your Own
BYO_CHILLI_CRUNCH,Chilli crunch (crunch premium),Crunch premium para tu bowl armado.,in stock,new,1.00 USD,https://farmhousepanelwhatsapp-production.up.railway.app/?sku=BYO_CHILLI_CRUNCH,/frontend/static/images/menu/byo-chilli-crunch.webp,Farmhouse,,Build Your Own
PRM_POLLO_SPICED,Pollo Spiced (premium warm),"Proteína adicional caliente: pollo spiced. Se añade a cualquier ensalada, bowl o Build Your Own.",in stock,new,4.00 USD,https://farmhousepanelwhatsapp-production.up.railway.app/?sku=PRM_POLLO_SPICED,/frontend/static/images/menu/byo-pollo-spiced.webp,Farmhouse,,Premiums
PRM_POLLO_ROSTIZADO,Pollo Rostizado (premium warm),"Proteína adicional caliente: pollo rostizado. Se añade a cualquier ensalada, bowl o Build Your Own.",in stock,new,4.00 USD,https://farmhousepanelwhatsapp-production.up.railway.app/?sku=PRM_POLLO_ROSTIZADO,/frontend/static/images/menu/byo-pollo-rostizado.webp,Farmhouse,,Premiums
PRM_SALMON_BULGOGI,Salmón Bulgogi (premium warm),"Proteína adicional caliente: salmón bulgogi. Se añade a cualquier ensalada, bowl o Build Your Own.",in stock,new,5.00 USD,https://farmhousepanelwhatsapp-production.up.railway.app/?sku=PRM_SALMON_BULGOGI,/frontend/static/images/menu/byo-salmon-bulgogi.webp,Farmhouse,,Premiums
PRM_TOFU_BULGOGI,Tofu Bulgogi (premium warm),"Proteína adicional caliente: tofu bulgogi. Opción vegetariana. Se añade a cualquier ensalada, bowl o Build Your Own.",in stock,new,5.00 USD,https://farmhousepanelwhatsapp-production.up.railway.app/?sku=PRM_TOFU_BULGOGI,/frontend/static/images/menu/byo-tofu-bulgogi.webp,Farmhouse,,Premiums
PRM_STEAK,Steak (premium warm),"Proteína adicional caliente: steak. Se añade a cualquier ensalada, bowl o Build Your Own.",in stock,new,5.00 USD,https://farmhousepanelwhatsapp-production.up.railway.app/?sku=PRM_STEAK,/frontend/static/images/menu/byo-steak.webp,Farmhouse,,Premiums
PRM_PARMESAN_CRUMBLE,Parmesan Crumble (premium cold),"Adicional frío: parmesan crumble. Se añade a cualquier ensalada, bowl o Build Your Own.",in stock,new,2.50 USD,https://farmhousepanelwhatsapp-production.up.railway.app/?sku=PRM_PARMESAN_CRUMBLE,/frontend/static/images/menu/byo-parmesan-crumble.webp,Farmhouse,,Premiums
PRM_QUESO_CABRA,Queso de Cabra (premium cold),"Adicional frío: queso de cabra. Se añade a cualquier ensalada, bowl o Build Your Own.",in stock,new,2.50 USD,https://farmhousepanelwhatsapp-production.up.railway.app/?sku=PRM_QUESO_CABRA,/frontend/static/images/menu/byo-queso-de-cabra.webp,Farmhouse,,Premiums
PRM_FETA,Feta (premium cold),"Adicional frío: queso feta. Se añade a cualquier ensalada, bowl, Build Your Own o toastie.",in stock,new,2.50 USD,https://farmhousepanelwhatsapp-production.up.railway.app/?sku=PRM_FETA,https://farmhousepanelwhatsapp-production.up.railway.app/static/catalog/PRM_FETA.jpg,Farmhouse,,Premiums
PRM_AVO_SMASH,Avo Smash (premium cold),"Adicional frío: avo smash (aguacate machacado). Se añade a cualquier ensalada, bowl o Build Your Own.",in stock,new,3.00 USD,https://farmhousepanelwhatsapp-production.up.railway.app/?sku=PRM_AVO_SMASH,/frontend/static/images/menu/byo-avo-smash.webp,Farmhouse,,Premiums
PRM_HUEVO_DURO,Huevo Duro (premium cold),"Adicional frío: huevo duro. Se añade a cualquier ensalada, bowl o Build Your Own.",in stock,new,1.75 USD,https://farmhousepanelwhatsapp-production.up.railway.app/?sku=PRM_HUEVO_DURO,/frontend/static/images/menu/byo-huevo-duro.webp,Farmhouse,,Premiums
PRM_HUMMUS,Hummus (premium cold),"Adicional frío: hummus. Se añade a cualquier ensalada, bowl o Build Your Own.",in stock,new,2.50 USD,https://farmhousepanelwhatsapp-production.up.railway.app/?sku=PRM_HUMMUS,/frontend/static/images/menu/byo-hummus.webp,Farmhouse,,Premiums
PRM_WHIPPED_FETA,Whipped Feta (premium cold),"Adicional frío: whipped feta. Se añade a cualquier ensalada, bowl, Build Your Own o toastie.",in stock,new,2.50 USD,https://farmhousepanelwhatsapp-production.up.railway.app/?sku=PRM_WHIPPED_FETA,/frontend/static/images/menu/byo-whipped-feta.webp,Farmhouse,,Premiums
TOA_AVOTUNA,Avotuna,"Pan de masa madre, tuna, rodajas de aguacate, cebollitas crunchy y tabasco.",in stock,new,12.95 USD,https://farmhousepanelwhatsapp-production.up.railway.app/?sku=TOA_AVOTUNA,/frontend/static/images/menu/carta/avotuna.webp,Farmhouse,,Toasties
TOA_PESTOCHICKEN,Pesto Chicken,"Pan de masa madre, pesto chicken, feta y sundried tomato spread.",in stock,new,13.95 USD,https://farmhousepanelwhatsapp-production.up.railway.app/?sku=TOA_PESTOCHICKEN,/frontend/static/images/menu/carta/pesto-chicken.webp,Farmhouse,,Toasties
TOA_SERRANITO,Serranito Margarita,"Pan de masa madre, jamón serrano, tomate rallado y mozzarella fresca.",in stock,new,14.95 USD,https://farmhousepanelwhatsapp-production.up.railway.app/?sku=TOA_SERRANITO,/frontend/static/images/menu/carta/serranito-margarita.webp,Farmhouse,,Toasties
TOA_TURKEYMELT,Turkey Melt,"Pan de masa madre, pechuga de pavo, mozzarella, rodajas de tomate y honey mustard.",in stock,new,14.50 USD,https://farmhousepanelwhatsapp-production.up.railway.app/?sku=TOA_TURKEYMELT,/frontend/static/images/menu/carta/turkey-melt.webp,Farmhouse,,Toasties
TOA_HOTTUNA,Hot Tuna,"Pan de masa madre, tuna, pesto, rodajas de tomate y pickled jalapeños.",in stock,new,12.95 USD,https://farmhousepanelwhatsapp-production.up.railway.app/?sku=TOA_HOTTUNA,/frontend/static/images/menu/carta/hot-tuna.webp,Farmhouse,,Toasties
TOA_AVOPESTO,Avopesto,"Pan de masa madre, rodajas de aguacate, mozzarella fresca, pesto y rodajas de tomate.",in stock,new,13.95 USD,https://farmhousepanelwhatsapp-production.up.railway.app/?sku=TOA_AVOPESTO,/frontend/static/images/menu/carta/avopesto.webp,Farmhouse,,Toasties
ADD_CEBOLLITAS_CRUNCHY,Cebollitas Crunchy (add-on),Adicional para toasties: cebollitas crunchy.,in stock,new,1.00 USD,https://farmhousepanelwhatsapp-production.up.railway.app/?sku=ADD_CEBOLLITAS_CRUNCHY,https://farmhousepanelwhatsapp-production.up.railway.app/static/catalog/ADD_CEBOLLITAS_CRUNCHY.jpg,Farmhouse,,Toastie Add-ons
ADD_RODAJAS_TOMATE,Rodajas de Tomate (add-on),Adicional para toasties: rodajas de tomate fresco.,in stock,new,1.00 USD,https://farmhousepanelwhatsapp-production.up.railway.app/?sku=ADD_RODAJAS_TOMATE,https://farmhousepanelwhatsapp-production.up.railway.app/static/catalog/ADD_RODAJAS_TOMATE.jpg,Farmhouse,,Toastie Add-ons
ADD_RODAJAS_AGUACATE,Rodajas de Aguacate (add-on),Adicional para toasties: rodajas de aguacate fresco.,in stock,new,3.00 USD,https://farmhousepanelwhatsapp-production.up.railway.app/?sku=ADD_RODAJAS_AGUACATE,https://farmhousepanelwhatsapp-production.up.railway.app/static/catalog/ADD_RODAJAS_AGUACATE.jpg,Farmhouse,,Toastie Add-ons
ADD_TABASCO,Tabasco (add-on),Adicional para toasties: salsa tabasco.,in stock,new,1.00 USD,https://farmhousepanelwhatsapp-production.up.railway.app/?sku=ADD_TABASCO,https://farmhousepanelwhatsapp-production.up.railway.app/static/catalog/ADD_TABASCO.jpg,Farmhouse,,Toastie Add-ons
ADD_PICKLED_JALAPENOS,Pickled Jalapeños (add-on),Adicional para toasties: jalapeños encurtidos.,in stock,new,1.00 USD,https://farmhousepanelwhatsapp-production.up.railway.app/?sku=ADD_PICKLED_JALAPENOS,https://farmhousepanelwhatsapp-production.up.railway.app/static/catalog/ADD_PICKLED_JALAPENOS.jpg,Farmhouse,,Toastie Add-ons
ADD_FETA,Feta (add-on),Adicional para toasties: queso feta.,in stock,new,2.50 USD,https://farmhousepanelwhatsapp-production.up.railway.app/?sku=ADD_FETA,https://farmhousepanelwhatsapp-production.up.railway.app/static/catalog/ADD_FETA.jpg,Farmhouse,,Toastie Add-ons
ADD_WHIPPED_FETA,Whipped Feta (add-on),Adicional para toasties: whipped feta.,in stock,new,2.50 USD,https://farmhousepanelwhatsapp-production.up.railway.app/?sku=ADD_WHIPPED_FETA,https://farmhousepanelwhatsapp-production.up.railway.app/static/catalog/ADD_WHIPPED_FETA.jpg,Farmhouse,,Toastie Add-ons
ADD_MOZZARELLA_FRESCA,Mozzarella Fresca (add-on),Adicional para toasties: mozzarella fresca.,in stock,new,3.00 USD,https://farmhousepanelwhatsapp-production.up.railway.app/?sku=ADD_MOZZARELLA_FRESCA,https://farmhousepanelwhatsapp-production.up.railway.app/static/catalog/ADD_MOZZARELLA_FRESCA.jpg,Farmhouse,,Toastie Add-ons
ADD_JAMON_SERRANO,Jamón Serrano (add-on),Adicional para toasties: jamón serrano.,in stock,new,4.00 USD,https://farmhousepanelwhatsapp-production.up.railway.app/?sku=ADD_JAMON_SERRANO,https://farmhousepanelwhatsapp-production.up.railway.app/static/catalog/ADD_JAMON_SERRANO.jpg,Farmhouse,,Toastie Add-ons
BWL_ACAI,Açaí Bowl,Açaí con 3 toppings y 1 crunch a tu elección. Súmale spreads y add-ons si quieres.,in stock,new,8.00 USD,https://farmhousepanelwhatsapp-production.up.railway.app/?sku=BWL_ACAI,https://farmhousepanelwhatsapp-production.up.railway.app/static/catalog/BWL_ACAI.jpg,Farmhouse,,Acai Bowl
ACAI_SPREAD_PEANUT,Peanut Butter (add-on açaí),Spread opcional para tu Açaí Bowl: peanut butter.,in stock,new,1.00 USD,https://farmhousepanelwhatsapp-production.up.railway.app/?sku=ACAI_SPREAD_PEANUT,https://farmhousepanelwhatsapp-production.up.railway.app/static/catalog/ACAI_SPREAD_PEANUT.jpg,Farmhouse,,Acai Add-ons
ACAI_SPREAD_ALMOND,Almond Butter (add-on açaí),Spread opcional para tu Açaí Bowl: almond butter.,in stock,new,1.00 USD,https://farmhousepanelwhatsapp-production.up.railway.app/?sku=ACAI_SPREAD_ALMOND,https://farmhousepanelwhatsapp-production.up.railway.app/static/catalog/ACAI_SPREAD_ALMOND.jpg,Farmhouse,,Acai Add-ons
ACAI_SPREAD_NUTELLA,Nutella (add-on açaí),Spread opcional para tu Açaí Bowl: nutella.,in stock,new,1.00 USD,https://farmhousepanelwhatsapp-production.up.railway.app/?sku=ACAI_SPREAD_NUTELLA,https://farmhousepanelwhatsapp-production.up.railway.app/static/catalog/ACAI_SPREAD_NUTELLA.jpg,Farmhouse,,Acai Add-ons
ACAI_ADDON_COLLAGEN,Collagen Peptides (add-on açaí),Add-on opcional para tu Açaí Bowl: péptidos de colágeno.,in stock,new,2.00 USD,https://farmhousepanelwhatsapp-production.up.railway.app/?sku=ACAI_ADDON_COLLAGEN,https://farmhousepanelwhatsapp-production.up.railway.app/static/catalog/ACAI_ADDON_COLLAGEN.jpg,Farmhouse,,Acai Add-ons
ACAI_ADDON_PROTEIN,Vegan Protein Scoop (add-on açaí),Add-on opcional para tu Açaí Bowl: scoop de proteína vegana.,in stock,new,2.00 USD,https://farmhousepanelwhatsapp-production.up.railway.app/?sku=ACAI_ADDON_PROTEIN,https://farmhousepanelwhatsapp-production.up.railway.app/static/catalog/ACAI_ADDON_PROTEIN.jpg,Farmhouse,,Acai Add-ons
ACAI_ADDON_BEETROOT,Beetroot Powder (add-on açaí),Add-on opcional para tu Açaí Bowl: polvo de remolacha.,in stock,new,2.00 USD,https://farmhousepanelwhatsapp-production.up.railway.app/?sku=ACAI_ADDON_BEETROOT,https://farmhousepanelwhatsapp-production.up.railway.app/static/catalog/ACAI_ADDON_BEETROOT.jpg,Farmhouse,,Acai Add-ons
ACAI_ADDON_SPIRULINA,Spirulina verde / azul (add-on açaí),Add-on opcional para tu Açaí Bowl: spirulina verde o azul (a elección).,in stock,new,2.00 USD,https://farmhousepanelwhatsapp-production.up.railway.app/?sku=ACAI_ADDON_SPIRULINA,https://farmhousepanelwhatsapp-production.up.railway.app/static/catalog/ACAI_ADDON_SPIRULINA.jpg,Farmhouse,,Acai Add-ons
SMO_SUPERNOVA,Supernova,"Blueberries, mango, dátiles, leche de coco, blue spirulina, agua de pipa y limón.",in stock,new,9.00 USD,https://farmhousepanelwhatsapp-production.up.railway.app/?sku=SMO_SUPERNOVA,/frontend/static/images/menu/carta/supernova.webp,Farmhouse,,Classic Smoothies
SMO_MARBLE_ACAI,Marble Açaí,"Açaí, piña, banana, cacao nibs, yogur griego, green spirulina, leche de almendras y limón.",in stock,new,9.00 USD,https://farmhousepanelwhatsapp-production.up.railway.app/?sku=SMO_MARBLE_ACAI,/frontend/static/images/menu/carta/marble-acai.webp,Farmhouse,,Classic Smoothies
SMO_CHOCOSHAKE,Choco-Shake,"Cacao, peanut butter, banana, leche de almendras, miel de abeja y cacao nibs.",in stock,new,8.00 USD,https://farmhousepanelwhatsapp-production.up.railway.app/?sku=SMO_CHOCOSHAKE,/frontend/static/images/menu/carta/choco-shake.webp,Farmhouse,,Classic Smoothies
SMO_FROSTEE,Frostee,"Fresa, piña, mango, blueberry splash y agua de pipa.",in stock,new,8.00 USD,https://farmhousepanelwhatsapp-production.up.railway.app/?sku=SMO_FROSTEE,/frontend/static/images/menu/carta/frostee.webp,Farmhouse,,Classic Smoothies
SMO_MANGO,Mango,Mango con agua de pipa o leche de almendras.,in stock,new,8.00 USD,https://farmhousepanelwhatsapp-production.up.railway.app/?sku=SMO_MANGO,/frontend/static/images/menu/carta/mango.webp,Farmhouse,,Classic Smoothies
SMO_PAPAYA,Papaya,Papaya con agua de pipa o leche de almendras.,in stock,new,7.00 USD,https://farmhousepanelwhatsapp-production.up.railway.app/?sku=SMO_PAPAYA,/frontend/static/images/menu/carta/papaya.webp,Farmhouse,,Classic Smoothies
SMO_PRETTYINPINK,Pretty in Pink,"Fresa, banana, mango, leche de almendras, yogur griego, beetroot powder, miel de abeja y vegan protein scoop.",in stock,new,9.00 USD,https://farmhousepanelwhatsapp-production.up.railway.app/?sku=SMO_PRETTYINPINK,/frontend/static/images/menu/carta/pretty-in-pink.webp,Farmhouse,,Signature Smoothies
SMO_NUTTYCHAI,Nutty Chai,"Banana, almond butter, especias de chai, hojuelas de avena, leche de almendras y pizca de sal.",in stock,new,8.00 USD,https://farmhousepanelwhatsapp-production.up.railway.app/?sku=SMO_NUTTYCHAI,/frontend/static/images/menu/carta/nutty-chai.webp,Farmhouse,,Signature Smoothies
SMO_TROPICALIA,Tropicalia,"Piña, maracuyá, mango, agua de pipa, blue spirulina y miel de abeja.",in stock,new,8.00 USD,https://farmhousepanelwhatsapp-production.up.railway.app/?sku=SMO_TROPICALIA,/frontend/static/images/menu/carta/tropicalia.webp,Farmhouse,,Signature Smoothies
SMO_EVERGREEN,Evergreen,"Manzana verde, piña, pepino, kale, agua de pipa, limón y strawberry splash.",in stock,new,8.00 USD,https://farmhousepanelwhatsapp-production.up.railway.app/?sku=SMO_EVERGREEN,/frontend/static/images/menu/carta/evergreen.webp,Farmhouse,,Signature Smoothies
SMO_BLUSH,Blush,"Fresa, mora, limón mandarina, miel de abeja, hierbabuena, jengibre y agua de pipa.",in stock,new,8.00 USD,https://farmhousepanelwhatsapp-production.up.railway.app/?sku=SMO_BLUSH,/frontend/static/images/menu/carta/blush.webp,Farmhouse,,Signature Smoothies
SMO_SUMMERTIME,Summertime,"Sandía, piña, jengibre, limón, miel de abeja y agua de pipa.",in stock,new,8.00 USD,https://farmhousepanelwhatsapp-production.up.railway.app/?sku=SMO_SUMMERTIME,/frontend/static/images/menu/carta/summertime.webp,Farmhouse,,Signature Smoothies
SMO_MARACUYA_BLISS,Maracuyá Bliss,"Smoothie signature con maracuyá, piña, mango fresco y agua de pipa.",out of stock,new,8.00 USD,https://farmhousepanelwhatsapp-production.up.railway.app/?sku=SMO_MARACUYA_BLISS,https://farmhousepanelwhatsapp-production.up.railway.app/static/catalog/SMO_MARACUYA_BLISS.jpg,Farmhouse,,Signature Smoothies
SMO_LUNA_PISCIS,Luna en Piscis,Smoothie bowl signature elaborado con ingredientes súper botánicos y frutas selectas.,out of stock,new,11.00 USD,https://farmhousepanelwhatsapp-production.up.railway.app/?sku=SMO_LUNA_PISCIS,https://farmhousepanelwhatsapp-production.up.railway.app/static/catalog/SMO_LUNA_PISCIS.jpg,Farmhouse,,Signature Smoothies
EXT_VEGAN_PROTEIN,Vegan Protein Scoop (extra smoothie),Extra para cualquier smoothie: scoop de proteína vegana.,in stock,new,2.00 USD,https://farmhousepanelwhatsapp-production.up.railway.app/?sku=EXT_VEGAN_PROTEIN,https://farmhousepanelwhatsapp-production.up.railway.app/static/catalog/EXT_VEGAN_PROTEIN.jpg,Farmhouse,,Smoothie Extras
EXT_ALMOND_BUTTER,Almond Butter (extra smoothie),Extra para cualquier smoothie: almond butter.,in stock,new,2.00 USD,https://farmhousepanelwhatsapp-production.up.railway.app/?sku=EXT_ALMOND_BUTTER,https://farmhousepanelwhatsapp-production.up.railway.app/static/catalog/EXT_ALMOND_BUTTER.jpg,Farmhouse,,Smoothie Extras
EXT_PEANUT_BUTTER,Peanut Butter (extra smoothie),Extra para cualquier smoothie: peanut butter.,in stock,new,1.50 USD,https://farmhousepanelwhatsapp-production.up.railway.app/?sku=EXT_PEANUT_BUTTER,https://farmhousepanelwhatsapp-production.up.railway.app/static/catalog/EXT_PEANUT_BUTTER.jpg,Farmhouse,,Smoothie Extras
EXT_CACAO_NIBS,Cacao Nibs (extra smoothie),Extra para cualquier smoothie: cacao nibs.,in stock,new,1.50 USD,https://farmhousepanelwhatsapp-production.up.railway.app/?sku=EXT_CACAO_NIBS,https://farmhousepanelwhatsapp-production.up.railway.app/static/catalog/EXT_CACAO_NIBS.jpg,Farmhouse,,Smoothie Extras
EXT_COLLAGEN,Collagen Peptides (extra smoothie),Extra para smoothie: péptidos de colágeno hidrolizado.,in stock,new,2.00 USD,https://farmhousepanelwhatsapp-production.up.railway.app/?sku=EXT_COLLAGEN,https://farmhousepanelwhatsapp-production.up.railway.app/static/catalog/EXT_COLLAGEN.jpg,Farmhouse,,Smoothie Extras
EXT_GREEN_SPIRULINA,Spirulina verde (extra smoothie),Extra para smoothie: green spirulina.,in stock,new,2.00 USD,https://farmhousepanelwhatsapp-production.up.railway.app/?sku=EXT_GREEN_SPIRULINA,https://farmhousepanelwhatsapp-production.up.railway.app/static/catalog/EXT_GREEN_SPIRULINA.jpg,Farmhouse,,Smoothie Extras
EXT_BLUE_SPIRULINA,Spirulina azul (extra smoothie),Extra para smoothie: blue spirulina orgánica.,in stock,new,2.00 USD,https://farmhousepanelwhatsapp-production.up.railway.app/?sku=EXT_BLUE_SPIRULINA,https://farmhousepanelwhatsapp-production.up.railway.app/static/catalog/EXT_BLUE_SPIRULINA.jpg,Farmhouse,,Smoothie Extras
EXT_BLUEBERRIES,Blueberries (extra smoothie),Porción de arándanos frescos para smoothie o bowl.,out of stock,new,1.00 USD,https://farmhousepanelwhatsapp-production.up.railway.app/?sku=EXT_BLUEBERRIES,https://farmhousepanelwhatsapp-production.up.railway.app/static/catalog/EXT_BLUEBERRIES.jpg,Farmhouse,,Smoothie Extras
EXT_BEETROOT,Beetroot Powder (extra smoothie),Extra para smoothie: polvo de remolacha natural.,out of stock,new,2.00 USD,https://farmhousepanelwhatsapp-production.up.railway.app/?sku=EXT_BEETROOT,https://farmhousepanelwhatsapp-production.up.railway.app/static/catalog/EXT_BEETROOT.jpg,Farmhouse,,Smoothie Extras
EXT_NUTELLA,Nutella (extra smoothie),Extra para smoothie: nutella.,out of stock,new,1.00 USD,https://farmhousepanelwhatsapp-production.up.railway.app/?sku=EXT_NUTELLA,https://farmhousepanelwhatsapp-production.up.railway.app/static/catalog/EXT_NUTELLA.jpg,Farmhouse,,Smoothie Extras
EXT_FRESAS,Fresas (extra smoothie),Porción de fresas frescas para smoothie o bowl.,out of stock,new,1.00 USD,https://farmhousepanelwhatsapp-production.up.railway.app/?sku=EXT_FRESAS,https://farmhousepanelwhatsapp-production.up.railway.app/static/catalog/EXT_FRESAS.jpg,Farmhouse,,Smoothie Extras
EXT_BANANA,Banana (extra smoothie),Porción de banana fresca para smoothie o bowl.,out of stock,new,1.00 USD,https://farmhousepanelwhatsapp-production.up.railway.app/?sku=EXT_BANANA,https://farmhousepanelwhatsapp-production.up.railway.app/static/catalog/EXT_BANANA.jpg,Farmhouse,,Smoothie Extras
EXT_PINA,Piña (extra smoothie),Porción de piña fresca para smoothie o bowl.,out of stock,new,1.00 USD,https://farmhousepanelwhatsapp-production.up.railway.app/?sku=EXT_PINA,https://farmhousepanelwhatsapp-production.up.railway.app/static/catalog/EXT_PINA.jpg,Farmhouse,,Smoothie Extras
EXT_COCO_RALLADO,Coco Rallado (extra smoothie),Porción de coco rallado para smoothie o bowl.,out of stock,new,1.00 USD,https://farmhousepanelwhatsapp-production.up.railway.app/?sku=EXT_COCO_RALLADO,https://farmhousepanelwhatsapp-production.up.railway.app/static/catalog/EXT_COCO_RALLADO.jpg,Farmhouse,,Smoothie Extras
EXT_PECANAS_CARAMELIZADAS,Pecanas Caramelizadas (extra smoothie),Porción de pecanas caramelizadas de la casa.,out of stock,new,1.00 USD,https://farmhousepanelwhatsapp-production.up.railway.app/?sku=EXT_PECANAS_CARAMELIZADAS,https://farmhousepanelwhatsapp-production.up.railway.app/static/catalog/EXT_PECANAS_CARAMELIZADAS.jpg,Farmhouse,,Smoothie Extras
DRK_ESPRESSO,Espresso,Espresso de especialidad.,in stock,new,4.00 USD,https://farmhousepanelwhatsapp-production.up.railway.app/?sku=DRK_ESPRESSO,https://farmhousepanelwhatsapp-production.up.railway.app/static/catalog/DRK_ESPRESSO.jpg,Farmhouse,,Coffee
DRK_AMERICANO,Americano,Espresso y agua caliente.,in stock,new,4.00 USD,https://farmhousepanelwhatsapp-production.up.railway.app/?sku=DRK_AMERICANO,https://farmhousepanelwhatsapp-production.up.railway.app/static/catalog/DRK_AMERICANO.jpg,Farmhouse,,Coffee
DRK_FLAT_WHITE,Flat White,"Espresso con leche vaporizada, textura sedosa.",in stock,new,4.75 USD,https://farmhousepanelwhatsapp-production.up.railway.app/?sku=DRK_FLAT_WHITE,https://farmhousepanelwhatsapp-production.up.railway.app/static/catalog/DRK_FLAT_WHITE.jpg,Farmhouse,,Coffee
DRK_LATTE,Latte,Espresso con bastante leche vaporizada.,in stock,new,4.95 USD,https://farmhousepanelwhatsapp-production.up.railway.app/?sku=DRK_LATTE,/frontend/static/images/menu/bebida-latte.webp,Farmhouse,,Coffee
DRK_CAPUCCINO,Capuccino,"Espresso, leche y espuma densa.",in stock,new,4.75 USD,https://farmhousepanelwhatsapp-production.up.railway.app/?sku=DRK_CAPUCCINO,https://farmhousepanelwhatsapp-production.up.railway.app/static/catalog/DRK_CAPUCCINO.jpg,Farmhouse,,Coffee
DRK_CORTADO,Cortado,Espresso cortado con un toque de leche.,in stock,new,4.25 USD,https://farmhousepanelwhatsapp-production.up.railway.app/?sku=DRK_CORTADO,https://farmhousepanelwhatsapp-production.up.railway.app/static/catalog/DRK_CORTADO.jpg,Farmhouse,,Coffee
DRK_MOCCA,Mocca,"Espresso, chocolate y leche.",in stock,new,5.25 USD,https://farmhousepanelwhatsapp-production.up.railway.app/?sku=DRK_MOCCA,https://farmhousepanelwhatsapp-production.up.railway.app/static/catalog/DRK_MOCCA.jpg,Farmhouse,,Coffee
DRK_COLD_BREW,Cold Brew,Café de extracción lenta en frío.,in stock,new,6.00 USD,https://farmhousepanelwhatsapp-production.up.railway.app/?sku=DRK_COLD_BREW,/frontend/static/images/menu/bebida-cold-brew.webp,Farmhouse,,Coffee
DRK_FRAPPE,Frappe,Café frappé cremoso y helado.,in stock,new,7.00 USD,https://farmhousepanelwhatsapp-production.up.railway.app/?sku=DRK_FRAPPE,https://farmhousepanelwhatsapp-production.up.railway.app/static/catalog/DRK_FRAPPE.jpg,Farmhouse,,Coffee
COF_EXTRA_SHOT,Extra shot (extra café),Shot extra de espresso.,in stock,new,2.00 USD,https://farmhousepanelwhatsapp-production.up.railway.app/?sku=COF_EXTRA_SHOT,https://farmhousepanelwhatsapp-production.up.railway.app/static/catalog/COF_EXTRA_SHOT.jpg,Farmhouse,,Coffee Extras
COF_LECHE_ALMENDRAS,Leche de almendras (extra café),Cambia la leche por leche de almendras.,in stock,new,0.50 USD,https://farmhousepanelwhatsapp-production.up.railway.app/?sku=COF_LECHE_ALMENDRAS,https://farmhousepanelwhatsapp-production.up.railway.app/static/catalog/COF_LECHE_ALMENDRAS.jpg,Farmhouse,,Coffee Extras
COF_LECHE_AVENA,Leche de avena (extra café),Cambia la leche por leche de avena.,in stock,new,0.50 USD,https://farmhousepanelwhatsapp-production.up.railway.app/?sku=COF_LECHE_AVENA,https://farmhousepanelwhatsapp-production.up.railway.app/static/catalog/COF_LECHE_AVENA.jpg,Farmhouse,,Coffee Extras
COF_VEGAN_PROTEIN,Vegan protein scoop (extra café),Scoop de proteína vegana.,in stock,new,2.00 USD,https://farmhousepanelwhatsapp-production.up.railway.app/?sku=COF_VEGAN_PROTEIN,https://farmhousepanelwhatsapp-production.up.railway.app/static/catalog/COF_VEGAN_PROTEIN.jpg,Farmhouse,,Coffee Extras
DRK_MATCHA_LATTE,Matcha Latte,Matcha con leche. Caliente o frío.,in stock,new,5.50 USD,https://farmhousepanelwhatsapp-production.up.railway.app/?sku=DRK_MATCHA_LATTE,/frontend/static/images/menu/bebida-matcha-latte.webp,Farmhouse,,Matcha
DRK_FRUITY_MATCHA,Fruity Matcha,"Matcha, fresas o mango, miel, vainilla y leche.",in stock,new,7.50 USD,https://farmhousepanelwhatsapp-production.up.railway.app/?sku=DRK_FRUITY_MATCHA,https://farmhousepanelwhatsapp-production.up.railway.app/static/catalog/DRK_FRUITY_MATCHA.jpg,Farmhouse,,Matcha
DRK_CHAI_LATTE,Chai Latte,"En agua o leche, caliente o frío.",in stock,new,5.00 USD,https://farmhousepanelwhatsapp-production.up.railway.app/?sku=DRK_CHAI_LATTE,https://farmhousepanelwhatsapp-production.up.railway.app/static/catalog/DRK_CHAI_LATTE.jpg,Farmhouse,,Tea
DRK_INFUSIONES,Infusiones,"Té verde, manzanilla, jazmín, frutos rojos, earl grey o thai lemon-ginger.",in stock,new,4.00 USD,https://farmhousepanelwhatsapp-production.up.railway.app/?sku=DRK_INFUSIONES,https://farmhousepanelwhatsapp-production.up.railway.app/static/catalog/DRK_INFUSIONES.jpg,Farmhouse,,Tea
DRK_MONT_BLANC,Mont Blanc,Cold brew + choco-foamie + ralladura de naranja.,in stock,new,8.00 USD,https://farmhousepanelwhatsapp-production.up.railway.app/?sku=DRK_MONT_BLANC,https://farmhousepanelwhatsapp-production.up.railway.app/static/catalog/DRK_MONT_BLANC.jpg,Farmhouse,,Foamies
DRK_MATCHA_BLANC,Matcha Blanc,Matcha + matcha-foamie + ralladura de naranja.,in stock,new,8.00 USD,https://farmhousepanelwhatsapp-production.up.railway.app/?sku=DRK_MATCHA_BLANC,https://farmhousepanelwhatsapp-production.up.railway.app/static/catalog/DRK_MATCHA_BLANC.jpg,Farmhouse,,Foamies
DRK_SALTICOCO,Salticoco,Espresso + coconut salted caramel + leche + coconut-sugar-foamie + cacao en polvo.,in stock,new,8.00 USD,https://farmhousepanelwhatsapp-production.up.railway.app/?sku=DRK_SALTICOCO,https://farmhousepanelwhatsapp-production.up.railway.app/static/catalog/DRK_SALTICOCO.jpg,Farmhouse,,Foamies
DRK_PIPA_CLOUD,Pipa Cloud,Agua de pipa + matcha-foamie + coco tostado.,in stock,new,8.00 USD,https://farmhousepanelwhatsapp-production.up.railway.app/?sku=DRK_PIPA_CLOUD,https://farmhousepanelwhatsapp-production.up.railway.app/static/catalog/DRK_PIPA_CLOUD.jpg,Farmhouse,,Foamies
DRK_HONEYMOON,Honeymoon,Espresso + leche + honey-foamie + canela.,in stock,new,8.00 USD,https://farmhousepanelwhatsapp-production.up.railway.app/?sku=DRK_HONEYMOON,https://farmhousepanelwhatsapp-production.up.railway.app/static/catalog/DRK_HONEYMOON.jpg,Farmhouse,,Foamies
DRK_BERRY_MATCHA,Berry Matcha,Matcha + berry-foamie + beetroot powder.,in stock,new,8.00 USD,https://farmhousepanelwhatsapp-production.up.railway.app/?sku=DRK_BERRY_MATCHA,https://farmhousepanelwhatsapp-production.up.railway.app/static/catalog/DRK_BERRY_MATCHA.jpg,Farmhouse,,Foamies
DRK_HONEY_PIPA,Honey Pipa,Agua de pipa + honey-foamie + coco tostado.,in stock,new,8.00 USD,https://farmhousepanelwhatsapp-production.up.railway.app/?sku=DRK_HONEY_PIPA,https://farmhousepanelwhatsapp-production.up.railway.app/static/catalog/DRK_HONEY_PIPA.jpg,Farmhouse,,Foamies
DRK_RED_VELVET,Red Velvet,Espresso + leche + berry-foamie + cacao en polvo.,in stock,new,8.00 USD,https://farmhousepanelwhatsapp-production.up.railway.app/?sku=DRK_RED_VELVET,https://farmhousepanelwhatsapp-production.up.railway.app/static/catalog/DRK_RED_VELVET.jpg,Farmhouse,,Foamies
DRK_AMBER,Amber,Cold brew + honey-foamie + ralladura de naranja.,in stock,new,8.00 USD,https://farmhousepanelwhatsapp-production.up.railway.app/?sku=DRK_AMBER,https://farmhousepanelwhatsapp-production.up.railway.app/static/catalog/DRK_AMBER.jpg,Farmhouse,,Foamies
DRK_KYOTO_FOREST,Kyoto Forest,Matcha + choco-foamie + cacao en polvo.,in stock,new,8.00 USD,https://farmhousepanelwhatsapp-production.up.railway.app/?sku=DRK_KYOTO_FOREST,https://farmhousepanelwhatsapp-production.up.railway.app/static/catalog/DRK_KYOTO_FOREST.jpg,Farmhouse,,Foamies
DRK_COCONUT_CLOUD,Coconut Cloud,"Foamie con base de agua de pipa, matcha-foamie y coco tostado. 140 kcal.",out of stock,new,8.00 USD,https://farmhousepanelwhatsapp-production.up.railway.app/?sku=DRK_COCONUT_CLOUD,https://farmhousepanelwhatsapp-production.up.railway.app/static/catalog/DRK_COCONUT_CLOUD.jpg,Farmhouse,,Foamies
DRK_THINK_GREEN,Think Green,"Pepino, apio, limón, jengibre y pizca de sal.",in stock,new,7.50 USD,https://farmhousepanelwhatsapp-production.up.railway.app/?sku=DRK_THINK_GREEN,https://farmhousepanelwhatsapp-production.up.railway.app/static/catalog/DRK_THINK_GREEN.jpg,Farmhouse,,Juice Bar
DRK_RESET,Reset,"Piña, zanahoria, jengibre y pizca de sal.",in stock,new,7.50 USD,https://farmhousepanelwhatsapp-production.up.railway.app/?sku=DRK_RESET,https://farmhousepanelwhatsapp-production.up.railway.app/static/catalog/DRK_RESET.jpg,Farmhouse,,Juice Bar
DRK_GOLD,Gold,"Maracuyá, piña, naranja y pizca de sal.",in stock,new,7.50 USD,https://farmhousepanelwhatsapp-production.up.railway.app/?sku=DRK_GOLD,/frontend/static/images/menu/bebida-gold-cold-pressed.webp,Farmhouse,,Juice Bar
DRK_GLOW,Glow,"Piña, limón, maracuyá, kale, pepino y pizca de sal.",in stock,new,7.50 USD,https://farmhousepanelwhatsapp-production.up.railway.app/?sku=DRK_GLOW,https://farmhousepanelwhatsapp-production.up.railway.app/static/catalog/DRK_GLOW.jpg,Farmhouse,,Juice Bar
DRK_BEET,Beet,"Remolacha, manzana verde, jugo de naranja, limón y pizca de sal.",in stock,new,7.50 USD,https://farmhousepanelwhatsapp-production.up.railway.app/?sku=DRK_BEET,https://farmhousepanelwhatsapp-production.up.railway.app/static/catalog/DRK_BEET.jpg,Farmhouse,,Juice Bar
DRK_BLUE_TROPIC,Blue Tropic,"Piña, limón, agua de pipa, blue spirulina y pizca de sal.",in stock,new,7.50 USD,https://farmhousepanelwhatsapp-production.up.railway.app/?sku=DRK_BLUE_TROPIC,https://farmhousepanelwhatsapp-production.up.railway.app/static/catalog/DRK_BLUE_TROPIC.jpg,Farmhouse,,Juice Bar
DRK_SCARLET,Scarlet,"Sandía, remolacha, pepino, limón, albahaca, manzana verde y pizca de sal.",in stock,new,7.50 USD,https://farmhousepanelwhatsapp-production.up.railway.app/?sku=DRK_SCARLET,https://farmhousepanelwhatsapp-production.up.railway.app/static/catalog/DRK_SCARLET.jpg,Farmhouse,,Juice Bar
DRK_LIMONADA_COCO,Limonada de Coco,"Limón, agua de pipa, leche de coco, miel de abeja y pizca de sal.",in stock,new,5.50 USD,https://farmhousepanelwhatsapp-production.up.railway.app/?sku=DRK_LIMONADA_COCO,/frontend/static/images/menu/bebida-limonada-de-coco.webp,Farmhouse,,Juice Bar
DRK_GOLDEN_MILK,Golden Milk,"Cúrcuma, jengibre, pimienta negra, collagen peptides, chai mix, leche de almendras y miel de abeja.",in stock,new,8.00 USD,https://farmhousepanelwhatsapp-production.up.railway.app/?sku=DRK_GOLDEN_MILK,/frontend/static/images/menu/bebida-golden-milk.webp,Farmhouse,,Juice Bar
DRK_JUGO_NARANJA,Jugo de Naranja,Naranja recién exprimida.,in stock,new,5.00 USD,https://farmhousepanelwhatsapp-production.up.railway.app/?sku=DRK_JUGO_NARANJA,https://farmhousepanelwhatsapp-production.up.railway.app/static/catalog/DRK_JUGO_NARANJA.jpg,Farmhouse,,Juice Bar
DRK_DETOX_SHOT,Detox Shot,"Jengibre, limón, cúrcuma, zanahoria y pimienta negra.",in stock,new,4.00 USD,https://farmhousepanelwhatsapp-production.up.railway.app/?sku=DRK_DETOX_SHOT,/frontend/static/images/menu/bebida-detox-shot.webp,Farmhouse,,Shots
DRK_WELLNESS_SHOT,Wellness Shot,"Remolacha, limón, jengibre, pimienta cayenne y aceite de oliva.",in stock,new,4.00 USD,https://farmhousepanelwhatsapp-production.up.railway.app/?sku=DRK_WELLNESS_SHOT,https://farmhousepanelwhatsapp-production.up.railway.app/static/catalog/DRK_WELLNESS_SHOT.jpg,Farmhouse,,Shots
DRK_AGUA,Agua,Agua natural.,in stock,new,2.00 USD,https://farmhousepanelwhatsapp-production.up.railway.app/?sku=DRK_AGUA,https://farmhousepanelwhatsapp-production.up.railway.app/static/catalog/DRK_AGUA.jpg,Farmhouse,,Drinks
DRK_AGUA_GAS,Agua con Gas,Agua mineral con gas.,in stock,new,3.00 USD,https://farmhousepanelwhatsapp-production.up.railway.app/?sku=DRK_AGUA_GAS,https://farmhousepanelwhatsapp-production.up.railway.app/static/catalog/DRK_AGUA_GAS.jpg,Farmhouse,,Drinks
DRK_COCACOLA,Coca Cola,Regular o zero.,in stock,new,2.50 USD,https://farmhousepanelwhatsapp-production.up.railway.app/?sku=DRK_COCACOLA,https://farmhousepanelwhatsapp-production.up.railway.app/static/catalog/DRK_COCACOLA.jpg,Farmhouse,,Drinks
DRK_MANSA_COLA,Mansa Cola,Soda artesanal de cola natural.,in stock,new,3.50 USD,https://farmhousepanelwhatsapp-production.up.railway.app/?sku=DRK_MANSA_COLA,https://farmhousepanelwhatsapp-production.up.railway.app/static/catalog/DRK_MANSA_COLA.jpg,Farmhouse,,Sodas
DRK_GINGURU,Ginguru,Soda artesanal de jengibre.,in stock,new,3.50 USD,https://farmhousepanelwhatsapp-production.up.railway.app/?sku=DRK_GINGURU,https://farmhousepanelwhatsapp-production.up.railway.app/static/catalog/DRK_GINGURU.jpg,Farmhouse,,Sodas
DRK_MANGO_PASION,Mango Pasión,Soda artesanal de mango y maracuyá.,in stock,new,3.50 USD,https://farmhousepanelwhatsapp-production.up.railway.app/?sku=DRK_MANGO_PASION,https://farmhousepanelwhatsapp-production.up.railway.app/static/catalog/DRK_MANGO_PASION.jpg,Farmhouse,,Sodas
DRK_PEPIMON,Pepimón,Soda artesanal de pepino y limón mandarina.,in stock,new,3.50 USD,https://farmhousepanelwhatsapp-production.up.railway.app/?sku=DRK_PEPIMON,https://farmhousepanelwhatsapp-production.up.railway.app/static/catalog/DRK_PEPIMON.jpg,Farmhouse,,Sodas
DRK_NAPI_COLADA,Ñapi Colada,Soda artesanal de piña y coco.,in stock,new,3.50 USD,https://farmhousepanelwhatsapp-production.up.railway.app/?sku=DRK_NAPI_COLADA,https://farmhousepanelwhatsapp-production.up.railway.app/static/catalog/DRK_NAPI_COLADA.jpg,Farmhouse,,Sodas
DRK_CHICHA_SARIL,Chicha de Saril,Chicha natural de saril.,in stock,new,4.00 USD,https://farmhousepanelwhatsapp-production.up.railway.app/?sku=DRK_CHICHA_SARIL,/frontend/static/images/menu/bebida-chicha-de-saril.webp,Farmhouse,,Drinks
DRK_ICED_CHAMOMILE,Iced Chamomile,Té de manzanilla frío con limón mandarina.,in stock,new,4.00 USD,https://farmhousepanelwhatsapp-production.up.railway.app/?sku=DRK_ICED_CHAMOMILE,https://farmhousepanelwhatsapp-production.up.railway.app/static/catalog/DRK_ICED_CHAMOMILE.jpg,Farmhouse,,Drinks
DRK_PIPA,Agua de Pipa Natural,Agua de pipa 100% natural y fresca.,out of stock,new,5.00 USD,https://farmhousepanelwhatsapp-production.up.railway.app/?sku=DRK_PIPA,https://farmhousepanelwhatsapp-production.up.railway.app/static/catalog/DRK_PIPA.jpg,Farmhouse,,Drinks
VIT_PLATANITOS,Platanitos,Platanitos crujientes.,in stock,new,2.00 USD,https://farmhousepanelwhatsapp-production.up.railway.app/?sku=VIT_PLATANITOS,https://farmhousepanelwhatsapp-production.up.railway.app/static/catalog/VIT_PLATANITOS.jpg,Farmhouse,,Vitrina
VIT_MADURITOS,Maduritos,Maduritos.,in stock,new,2.00 USD,https://farmhousepanelwhatsapp-production.up.railway.app/?sku=VIT_MADURITOS,https://farmhousepanelwhatsapp-production.up.railway.app/static/catalog/VIT_MADURITOS.jpg,Farmhouse,,Vitrina
VIT_YUQUITAS,Yuquitas,Yuquitas crujientes.,in stock,new,2.00 USD,https://farmhousepanelwhatsapp-production.up.railway.app/?sku=VIT_YUQUITAS,https://farmhousepanelwhatsapp-production.up.railway.app/static/catalog/VIT_YUQUITAS.jpg,Farmhouse,,Vitrina
VIT_GALLETA_CHOCOCHIP,Chocolate Chip,Cookie del día con chispas de chocolate.,in stock,new,3.00 USD,https://farmhousepanelwhatsapp-production.up.railway.app/?sku=VIT_GALLETA_CHOCOCHIP,/frontend/static/images/menu/carta/cookie-chocolate-chip.webp,Farmhouse,,Cookies
VIT_GALLETA_AVENA,Spiced Oatmeal,Cookie del día de avena especiada.,in stock,new,3.00 USD,https://farmhousepanelwhatsapp-production.up.railway.app/?sku=VIT_GALLETA_AVENA,/frontend/static/images/menu/carta/cookie-spiced-oatmeal.webp,Farmhouse,,Cookies
VIT_GALLETA_BROWNIE,Walnut Brownie,Cookie del día estilo brownie con nueces.,in stock,new,3.50 USD,https://farmhousepanelwhatsapp-production.up.railway.app/?sku=VIT_GALLETA_BROWNIE,/frontend/static/images/menu/carta/cookie-walnut-brownie.webp,Farmhouse,,Cookies
VIT_BANANA_BREAD,Banana Bread,Rebanada de banana bread de la casa.,in stock,new,5.00 USD,https://farmhousepanelwhatsapp-production.up.railway.app/?sku=VIT_BANANA_BREAD,/frontend/static/images/menu/vitrina-banana-bread.webp,Farmhouse,,Loaves
VIT_LEMON_LOAF,Lemon Loaf,Bizcocho de limón glaseado.,in stock,new,4.00 USD,https://farmhousepanelwhatsapp-production.up.railway.app/?sku=VIT_LEMON_LOAF,https://farmhousepanelwhatsapp-production.up.railway.app/static/catalog/VIT_LEMON_LOAF.jpg,Farmhouse,,Loaves
VIT_CHOCO_ORANGE_LOAF,Loaf de Chocolate y Naranja,Bizcocho de chocolate con naranja.,in stock,new,4.00 USD,https://farmhousepanelwhatsapp-production.up.railway.app/?sku=VIT_CHOCO_ORANGE_LOAF,https://farmhousepanelwhatsapp-production.up.railway.app/static/catalog/VIT_CHOCO_ORANGE_LOAF.jpg,Farmhouse,,Loaves
VIT_CHOCO_QUINOA_CAKE,Choco Quinoa Cake,Pastel saludable de cacao puro y quinoa crujiente.,out of stock,new,4.00 USD,https://farmhousepanelwhatsapp-production.up.railway.app/?sku=VIT_CHOCO_QUINOA_CAKE,https://farmhousepanelwhatsapp-production.up.railway.app/static/catalog/VIT_CHOCO_QUINOA_CAKE.jpg,Farmhouse,,Vitrina
VIT_GRANOLA,Granola de la Casa,Bolsa de granola artesanal Farmhouse con frutos secos.,out of stock,new,8.00 USD,https://farmhousepanelwhatsapp-production.up.railway.app/?sku=VIT_GRANOLA,https://farmhousepanelwhatsapp-production.up.railway.app/static/catalog/VIT_GRANOLA.jpg,Farmhouse,,Vitrina
VIT_MISO_TAHINI_GRANOLA,Miso Tahini Granola,Granola especial horneada con pasta de miso y tahini.,out of stock,new,8.00 USD,https://farmhousepanelwhatsapp-production.up.railway.app/?sku=VIT_MISO_TAHINI_GRANOLA,https://farmhousepanelwhatsapp-production.up.railway.app/static/catalog/VIT_MISO_TAHINI_GRANOLA.jpg,Farmhouse,,Vitrina
MRC_GORRA,Gorra Farmhouse,Gorra oficial bordada Farmhouse.,in stock,new,25.00 USD,https://farmhousepanelwhatsapp-production.up.railway.app/?sku=MRC_GORRA,https://farmhousepanelwhatsapp-production.up.railway.app/static/catalog/MRC_GORRA.jpg,Farmhouse,,Merch
MRC_TSHIRT,T-Shirt Farmhouse,Camiseta de algodón orgánico oficial Farmhouse.,in stock,new,20.00 USD,https://farmhousepanelwhatsapp-production.up.railway.app/?sku=MRC_TSHIRT,https://farmhousepanelwhatsapp-production.up.railway.app/static/catalog/MRC_TSHIRT.jpg,Farmhouse,,Merch
MRC_ESSE_TSHIRT,Esse T-Shirt,Camiseta de edición especial Esse x Farmhouse.,in stock,new,60.00 USD,https://farmhousepanelwhatsapp-production.up.railway.app/?sku=MRC_ESSE_TSHIRT,https://farmhousepanelwhatsapp-production.up.railway.app/static/catalog/MRC_ESSE_TSHIRT.jpg,Farmhouse,,Merch
MRC_ROPE_TOTE,Rope Tote Bag,Bolsa tote bag de lona resistente con asa de cuerda.,in stock,new,45.00 USD,https://farmhousepanelwhatsapp-production.up.railway.app/?sku=MRC_ROPE_TOTE,https://farmhousepanelwhatsapp-production.up.railway.app/static/catalog/MRC_ROPE_TOTE.jpg,Farmhouse,,Merch
